[
  {
    "shortDescription" : "",
    "metadataOutputVersion" : "3.0",
    "outputSchema" : [
      {
        "isOptional" : "0",
        "formattedType" : "Int64",
        "type" : "Int64",
        "name" : "personAndAppMatched",
        "shortDescription" : ""
      },
      {
        "isOptional" : "0",
        "keyType" : "Int64",
        "formattedType" : "Dictionary (Int64 → Double)",
        "type" : "Dictionary",
        "name" : "classProbability",
        "shortDescription" : ""
      }
    ],
    "version" : "",
    "modelParameters" : [

    ],
    "author" : "",
    "specificationVersion" : 1,
    "license" : "",
    "isUpdatable" : "0",
    "availability" : {
      "macOS" : "10.13",
      "tvOS" : "11.0",
      "watchOS" : "4.0",
      "iOS" : "11.0",
      "macCatalyst" : "11.0"
    },
    "modelType" : {
      "name" : "MLModelType_treeEnsembleClassifier"
    },
    "inputSchema" : [
      {
        "isOptional" : "0",
        "formattedType" : "Double",
        "type" : "Double",
        "name" : "contentUrlInRule",
        "shortDescription" : ""
      },
      {
        "isOptional" : "0",
        "formattedType" : "Double",
        "type" : "Double",
        "name" : "targetBundleIdInRule",
        "shortDescription" : ""
      },
      {
        "isOptional" : "0",
        "formattedType" : "Double",
        "type" : "Double",
        "name" : "sourceBundleIdInRule",
        "shortDescription" : ""
      },
      {
        "isOptional" : "0",
        "formattedType" : "Double",
        "type" : "Double",
        "name" : "sourceBundleIdOverlap",
        "shortDescription" : ""
      },
      {
        "isOptional" : "0",
        "formattedType" : "Double",
        "type" : "Double",
        "name" : "timeOfDaySlotInRule",
        "shortDescription" : ""
      },
      {
        "isOptional" : "0",
        "formattedType" : "Double",
        "type" : "Double",
        "name" : "timeOfDaySlotOverlap",
        "shortDescription" : ""
      },
      {
        "isOptional" : "0",
        "formattedType" : "Double",
        "type" : "Double",
        "name" : "isWeekendInRule",
        "shortDescription" : ""
      },
      {
        "isOptional" : "0",
        "formattedType" : "Double",
        "type" : "Double",
        "name" : "locationOfInterestContainingRuleCount",
        "shortDescription" : ""
      },
      {
        "isOptional" : "0",
        "formattedType" : "Double",
        "type" : "Double",
        "name" : "locationOfInterestRulesCardinality",
        "shortDescription" : ""
      },
      {
        "isOptional" : "0",
        "formattedType" : "Double",
        "type" : "Double",
        "name" : "sourceBundleIdContainingRuleCount",
        "shortDescription" : ""
      },
      {
        "isOptional" : "0",
        "formattedType" : "Double",
        "type" : "Double",
        "name" : "sourceBundleIdRulesCardinality",
        "shortDescription" : ""
      },
      {
        "isOptional" : "0",
        "formattedType" : "Double",
        "type" : "Double",
        "name" : "targetBundleIdContainingRuleCount",
        "shortDescription" : ""
      },
      {
        "isOptional" : "0",
        "formattedType" : "Double",
        "type" : "Double",
        "name" : "lowConfidenceRuleCount",
        "shortDescription" : ""
      },
      {
        "isOptional" : "0",
        "formattedType" : "Double",
        "type" : "Double",
        "name" : "highConfidenceRuleCount",
        "shortDescription" : ""
      },
      {
        "isOptional" : "0",
        "formattedType" : "Double",
        "type" : "Double",
        "name" : "totalMessagesSent",
        "shortDescription" : ""
      },
      {
        "isOptional" : "0",
        "formattedType" : "Double",
        "type" : "Double",
        "name" : "totalShares",
        "shortDescription" : ""
      },
      {
        "isOptional" : "0",
        "formattedType" : "Double",
        "type" : "Double",
        "name" : "confidence",
        "shortDescription" : ""
      },
      {
        "isOptional" : "0",
        "formattedType" : "Double",
        "type" : "Double",
        "name" : "support",
        "shortDescription" : ""
      },
      {
        "isOptional" : "0",
        "formattedType" : "Double",
        "type" : "Double",
        "name" : "targetBundleIDInConsequent",
        "shortDescription" : ""
      }
    ],
    "classLabels" : [
      "0",
      "1"
    ],
    "generatedClassName" : "xgb_classifier_centrally_trained_internal_data",
    "userDefinedMetadata" : {
      "com.github.apple.coremltools.version" : "4.1.5",
      "com.github.apple.coremltools.source" : "xgboost==1.4.2"
    },
    "method" : "predict"
  }
]